job_ts,time,mode6_lat,mode6_lon,3hydro_lat,3hydro_lon
20260520_120525,100525,53.836031181135226,17.647823292525278,53.836031181135226,17.647823292525278
20260520_120525,100526,53.83580746824568,17.648012850402008,53.83580746824568,17.648012850402008
20260520_120525,100527,70.029295721263,52.77361085198947,,
20260520_120525,100528,53.83628410994169,17.648268512619282,53.83628410994169,17.648268512619282
20260520_120525,100529,129.67544058820636,-26.430924629738637,,
20260520_120525,100530,53.83515152288386,17.64768710511882,53.83515152288386,17.64768710511882
20260520_120525,100531,53.835718494034474,17.647865410233685,53.835718494034474,17.647865410233685
20260520_120525,100532,-118.675896844655,28.642318839290393,,
20260520_120525,100533,-112.69181939104169,22.19379841338448,,
20260520_120525,100534,58.2860858823958,-78.10815143411241,,
20260520_120525,100535,53.83603737516984,17.647756399337773,53.83603737516984,17.647756399337773
20260520_120525,100536,53.83620753808316,17.64784905812005,53.83620753808316,17.64784905812005
20260520_120525,100537,53.83593106846587,17.647983699776848,53.83593106846587,17.647983699776848
20260520_120525,100538,53.83600755144901,17.647933544799287,53.83600755144901,17.647933544799287
20260520_120525,100539,53.83605702614921,17.64803425348276,53.83605702614921,17.64803425348276
20260520_120525,100540,53.8359694975743,17.64791357456083,53.8359694975743,17.64791357456083
20260520_120525,100541,53.835955174372636,17.647916585013213,53.835955174372636,17.647916585013213
20260520_120525,100542,53.836142869409755,17.647848337714606,53.836142869409755,17.647848337714606
20260520_120525,100543,53.83617361919741,17.64775457483752,53.83617361919741,17.64775457483752
20260520_120525,100544,53.83617532591341,17.64779738086454,53.83617532591341,17.64779738086454
20260520_120600,100600,113.36687555834209,-58.315173722522644,,
20260520_120600,100601,53.83587052488646,17.647920281579555,53.83587052488646,17.647920281579555
20260520_120600,100602,53.835880808847435,17.64819313533596,53.835880808847435,17.64819313533596
20260520_120600,100603,53.836217958739596,17.647982328727153,53.836217958739596,17.647982328727153
20260520_120600,100604,53.83626987731045,17.64773245443478,53.83626987731045,17.64773245443478
20260520_120600,100605,53.836136622477255,17.64781276909434,53.836136622477255,17.64781276909434
20260520_120600,100606,-92.08150149956786,47.32606815143926,,
20260520_120600,100607,-165.08931209221922,46.91193014397101,,
20260520_120600,100608,53.83453371280404,17.648198246954014,53.83453371280404,17.648198246954014
20260520_120600,100609,53.836180288502895,17.64784275313407,53.836180288502895,17.64784275313407
20260520_120600,100610,53.83627190376109,17.64789705297219,53.83627190376109,17.64789705297219
20260520_120600,100611,53.83615103817033,17.647894065762802,53.83615103817033,17.647894065762802
20260520_120600,100612,53.83622092376786,17.64772281925785,53.83622092376786,17.64772281925785
20260520_120600,100613,53.83621476088841,17.647778585170613,53.83621476088841,17.647778585170613
20260520_120600,100614,53.83613143455113,17.647784096057656,53.83613143455113,17.647784096057656
20260520_120600,100615,22.53703440650856,-9.78480333972077,,
20260520_120600,100616,53.8360717083516,17.6480582148618,53.8360717083516,17.6480582148618
20260520_120600,100617,53.836096951036104,17.647849084731106,53.836096951036104,17.647849084731106
20260520_120600,100618,53.835753381972275,17.647830586018337,53.835753381972275,17.647830586018337
20260520_120600,100619,166.5173153720752,-58.23414840188008,,
20260520_120625,100625,53.83620525886448,17.647810940478564,53.83620525886448,17.647810940478564
20260520_120625,100626,53.83621151186346,17.647902172128216,53.83621151186346,17.647902172128216
20260520_120625,100627,53.83599457721759,17.647936005297655,53.83599457721759,17.647936005297655
20260520_120625,100628,53.836144931145796,17.647789686030777,53.836144931145796,17.647789686030777
20260520_120625,100629,-169.61324691661454,-55.22197608055908,,
20260520_120625,100630,53.836010398044586,17.648090472889983,53.836010398044586,17.648090472889983
20260520_120625,100631,53.83598857172085,17.64830839748719,53.83598857172085,17.64830839748719
20260520_120625,100632,53.83614840660055,17.64788915097229,53.83614840660055,17.64788915097229
20260520_120625,100633,53.83615758281619,17.647906728138047,53.83615758281619,17.647906728138047
20260520_120625,100634,53.83604480111453,17.64784625664069,53.83604480111453,17.64784625664069
20260520_120625,100635,53.83621318479946,17.647774737615112,53.83621318479946,17.647774737615112
20260520_120625,100636,53.836262206145705,17.647790352986366,53.836262206145705,17.647790352986366
20260520_120625,100637,53.836209658514875,17.647736234255532,53.836209658514875,17.647736234255532
20260520_120625,100638,53.83620365545476,17.647802017427676,53.83620365545476,17.647802017427676
20260520_120625,100639,53.83611722721412,17.64793688424184,53.83611722721412,17.64793688424184
20260520_120625,100640,53.836283408269615,17.64804912344168,53.836283408269615,17.64804912344168
20260520_120625,100641,36.67121124378584,-38.81386443205411,,
20260520_120625,100642,53.83610043846709,17.64795743937361,,
20260520_120625,100643,53.83626329230007,17.648060123206378,53.83626329230007,17.648060123206378
20260520_120625,100644,53.83596022383486,17.64809091782103,,
20260520_120700,100700,-65.20242656050127,-57.26558132592252,,
20260520_120700,100701,53.83629730705662,17.647949210001872,53.83629730705662,17.647949210001872
20260520_120700,100702,53.836303303559546,17.64807654033279,53.836303303559546,17.64807654033279
20260520_120700,100703,53.836280750659526,17.648054966996142,53.836280750659526,17.648054966996142
20260520_120700,100704,10.678339354415723,65.35222383612339,,
20260520_120700,100705,53.835912127654254,17.647882691267608,53.835912127654254,17.647882691267608
20260520_120700,100706,53.8358237851964,17.647876515958327,,
20260520_120700,100707,53.83633670008132,17.647801392301982,,
20260520_120700,100708,53.835591634972815,17.647675870586845,53.835591634972815,17.647675870586845
20260520_120700,100709,53.836051919318535,17.64797673115714,53.836051919318535,17.64797673115714
20260520_120700,100710,53.83602670296675,17.647868815556173,53.83602670296675,17.647868815556173
20260520_120700,100711,53.835875933582,17.647885667054375,53.835875933582,17.647885667054375
20260520_120700,100712,53.83611680686722,17.64794472186557,53.83611680686722,17.64794472186557
20260520_120700,100713,53.83619543667456,17.64802687739611,53.83619543667456,17.64802687739611
20260520_120700,100714,53.835919277631724,17.64782902191996,53.835919277631724,17.64782902191996
20260520_120700,100715,53.8359426669659,17.647836694322294,53.8359426669659,17.647836694322294
20260520_120700,100716,53.836110917070215,17.647839375441404,53.836110917070215,17.647839375441404
20260520_120700,100717,53.835915447255594,17.647741003322903,53.835915447255594,17.647741003322903
20260520_120700,100718,53.83590267088577,17.64773156804295,53.83590267088577,17.64773156804295
20260520_120700,100719,53.83620065855036,17.647768528825175,53.83620065855036,17.647768528825175
20260520_120725,100725,53.83601601243904,17.64780467729278,53.83601601243904,17.64780467729278
20260520_120725,100726,53.83612864220081,17.647848934895354,53.83612864220081,17.647848934895354
20260520_120725,100727,53.83609398662222,17.647804544216438,53.83609398662222,17.647804544216438
20260520_120725,100728,53.836089361787806,17.647804612691544,53.836089361787806,17.647804612691544
20260520_120725,100729,53.83631037257974,17.64783881137683,53.83631037257974,17.64783881137683
20260520_120725,100730,53.836188675488046,17.64780510201038,53.836188675488046,17.64780510201038
20260520_120725,100731,-125.35648798002929,71.29048611607325,,
20260520_120725,100732,53.83620312000435,17.647788666233268,53.83620312000435,17.647788666233268
20260520_120725,100733,53.83619323844112,17.647796608492918,53.83619323844112,17.647796608492918
20260520_120725,100734,53.83612310123732,17.64782621557546,53.83612310123732,17.64782621557546
20260520_120725,100735,53.83615678440678,17.647812321155637,53.83615678440678,17.647812321155637
20260520_120725,100736,53.835598927130945,17.64757542696907,53.835598927130945,17.64757542696907
20260520_120725,100737,53.8360778984628,17.647809815428943,53.8360778984628,17.647809815428943
20260520_120725,100738,10.29040075288086,-56.950356628611004,,
20260520_120725,100739,53.83614393615943,17.647741815594987,53.83614393615943,17.647741815594987
20260520_120725,100740,53.836259682053615,17.647836253758552,53.836259682053615,17.647836253758552
20260520_120725,100741,53.83633963339748,17.6478653916488,53.838358697606594,17.647379903407895
20260520_120725,100742,-29.313294162890625,-21.75897137443655,,
20260520_120725,100743,57.86513448701172,-64.70183915291649,,
20260520_120725,100744,53.8362944274491,17.648685592817138,53.8362944274491,17.648685592817138
20260520_120800,100800,53.83586827109374,17.647975224115438,53.83586827109374,17.647975224115438
20260520_120800,100801,53.83604239701587,17.64793288276186,53.83604239701587,17.64793288276186
20260520_120800,100802,53.83630024974387,17.647890247809872,53.83630024974387,17.647890247809872
20260520_120800,100803,53.83637348057686,17.64817961981668,53.83637348057686,17.64817961981668
20260520_120800,100804,53.836058052715394,17.64803086999596,53.836058052715394,17.64803086999596
20260520_120800,100805,53.83611832484365,17.648059434608072,53.83611832484365,17.648059434608072
20260520_120800,100806,53.83597313678498,17.647866483954992,53.83597313678498,17.647866483954992
20260520_120800,100807,53.83610939925522,17.647862255842128,53.83610939925522,17.647862255842128
20260520_120800,100808,53.83601768178311,17.647880511263683,53.83601768178311,17.647880511263683
20260520_120800,100809,53.836001581024284,17.64788031128586,53.836001581024284,17.64788031128586
20260520_120800,100810,53.836029622153355,17.647923751818986,53.836029622153355,17.647923751818986
20260520_120800,100811,53.83589297448571,17.64777301996463,53.83589297448571,17.64777301996463
20260520_120800,100812,53.83620389352099,17.647891143826993,53.83620389352099,17.647891143826993
20260520_120800,100813,53.83590017165399,17.6478359792645,53.83590017165399,17.6478359792645
20260520_120800,100814,53.835951277532395,17.64792986934173,53.835951277532395,17.64792986934173
20260520_120800,100815,53.836001932694984,17.64791972091446,53.836001932694984,17.64791972091446
20260520_120800,100816,53.83618659937481,17.647947455716647,,
20260520_120800,100817,53.83605416092944,17.647827639859653,53.83605416092944,17.647827639859653
20260520_120800,100818,53.83580937808594,17.64766057779791,53.83580937808594,17.64766057779791
20260520_120800,100819,nan,nan,,
20260520_120825,100825,53.83630124846236,17.648051062374208,53.83630124846236,17.648051062374208
20260520_120825,100826,53.83625144801926,17.648024109011953,53.83625144801926,17.648024109011953
20260520_120825,100827,53.83646841377507,17.648096974374536,53.83646841377507,17.648096974374536
20260520_120825,100828,53.83619323834197,17.648111187333342,53.83619323834197,17.648111187333342
20260520_120825,100829,53.83631562546167,17.648077407199597,53.83631562546167,17.648077407199597
20260520_120825,100830,53.83616230808565,17.64804734076336,53.83616230808565,17.64804734076336
20260520_120825,100831,53.83616056750908,17.64810537782131,,
20260520_120825,100832,53.83623026950957,17.64805973701445,53.83623026950957,17.64805973701445
20260520_120825,100833,53.836047678049276,17.64791424627092,53.836047678049276,17.64791424627092
20260520_120825,100834,53.83604582435102,17.64792531567213,53.83604582435102,17.64792531567213
20260520_120825,100835,53.83618469470535,17.648062669540128,53.83618469470535,17.648062669540128
20260520_120825,100836,53.83614285883657,17.648133551552274,53.83614285883657,17.648133551552274
20260520_120825,100837,53.83615115068573,17.64805842042266,53.83615115068573,17.64805842042266
20260520_120825,100838,53.83615950790432,17.647937112975512,53.83615950790432,17.647937112975512
20260520_120825,100839,53.836177538809,17.64790224995255,53.836177538809,17.64790224995255
20260520_120825,100840,53.836170927431496,17.647865170461,53.836170927431496,17.647865170461
20260520_120825,100841,53.83627320253127,17.64788538555818,53.83627320253127,17.64788538555818
20260520_120825,100842,53.83613173190659,17.647841248435338,53.83613173190659,17.647841248435338
20260520_120825,100843,53.83612917759418,17.647847077615886,53.83612917759418,17.647847077615886
20260520_120825,100844,53.835999903252635,17.647767919823615,53.835999903252635,17.647767919823615
20260520_120900,100900,53.83634126960105,17.648134995942364,53.83634126960105,17.648134995942364
20260520_120900,100901,53.83615953223416,17.648042497192737,53.83615953223416,17.648042497192737
20260520_120900,100902,53.83619524740687,17.647947210572923,53.83619524740687,17.647947210572923
20260520_120900,100903,53.836296630290335,17.648055166136707,53.836296630290335,17.648055166136707
20260520_120900,100904,53.83610350157786,17.647945786468366,53.83610350157786,17.647945786468366
20260520_120900,100905,53.8359627013113,17.64788367836738,53.8359627013113,17.64788367836738
20260520_120900,100906,53.83618184584617,17.648033827959562,53.83618184584617,17.648033827959562
20260520_120900,100907,53.83605770412482,17.648037006476716,53.83605770412482,17.648037006476716
20260520_120900,100908,53.83607747351248,17.64805913570656,53.83607747351248,17.64805913570656
20260520_120900,100909,53.836241745340075,17.64801216696944,53.836241745340075,17.64801216696944
20260520_120900,100910,53.83615770976602,17.648049962369,53.83615770976602,17.648049962369
20260520_120900,100911,53.83603473615832,17.6481010518243,53.83603473615832,17.6481010518243
20260520_120900,100912,53.83647334720243,17.648108935768555,53.83647334720243,17.648108935768555
20260520_120900,100913,53.83612264322524,17.647967407459532,53.83612264322524,17.647967407459532
20260520_120900,100914,53.83600343629096,17.64797883575275,53.83600343629096,17.64797883575275
20260520_120900,100915,53.836118305248704,17.647902315750432,53.836118305248704,17.647902315750432
20260520_120900,100916,53.83509294859256,17.64804232114193,53.83509294859256,17.64804232114193
20260520_120900,100917,53.83610793763709,17.648112879903653,53.83610793763709,17.648112879903653
20260520_120900,100918,53.836075064328234,17.648044485796568,53.836075064328234,17.648044485796568
20260520_120900,100919,-127.27520569864748,11.438520822736512,,
20260520_120925,100925,53.83633186972697,17.647802361527418,53.83633186972697,17.647802361527418
20260520_120925,100926,53.83597136163853,17.647936333615394,53.83597136163853,17.647936333615394
20260520_120925,100927,53.83590361558722,17.647972370339737,53.83590361558722,17.647972370339737
20260520_120925,100928,53.835919527112075,17.64794882456326,53.835919527112075,17.64794882456326
20260520_120925,100929,53.83595612029924,17.647928037025114,53.83595612029924,17.647928037025114
20260520_120925,100930,53.83597257638758,17.647912997173535,53.83597257638758,17.647912997173535
20260520_120925,100931,53.83604013734648,17.647929920715423,53.83604013734648,17.647929920715423
20260520_120925,100932,53.83612873416407,17.64799637830932,53.83612873416407,17.64799637830932
20260520_120925,100933,53.83618241338895,17.6480113352605,53.83618241338895,17.6480113352605
20260520_120925,100934,53.83610599629993,17.64801957215926,53.83610599629993,17.64801957215926
20260520_120925,100935,53.83612903745197,17.64792954452758,53.83612903745197,17.64792954452758
20260520_120925,100936,53.83607296151909,17.64783964963373,53.83607296151909,17.64783964963373
20260520_120925,100937,53.83607573232619,17.647965258081726,53.83607573232619,17.647965258081726
20260520_120925,100938,53.83602883488605,17.64790344077363,53.83602883488605,17.64790344077363
20260520_120925,100939,53.835988629956,17.64780276017268,53.835988629956,17.64780276017268
20260520_120925,100940,53.8360387450362,17.647773639247248,53.8360387450362,17.647773639247248
20260520_120925,100941,53.836005058864004,17.64777211748742,53.836005058864004,17.64777211748742
20260520_120925,100942,53.836192826615466,17.647889550515732,53.836192826615466,17.647889550515732
20260520_120925,100943,53.835887353895835,17.647820807489627,53.835887353895835,17.647820807489627
20260520_120925,100944,160.65496507918945,9.562639128118963,,
20260520_121000,101000,53.83607696603566,17.647913116856596,,
20260520_121000,101001,-62.26995358565142,-54.79841472156255,,
20260520_121000,101002,53.83640229880941,17.647978342373406,53.83640229880941,17.647978342373406
20260520_121000,101003,-70.24517760374833,66.1136848353539,,
20260520_121000,101004,53.83623136790909,17.648045126497916,53.83623136790909,17.648045126497916
20260520_121000,101005,53.83578700771084,17.647453389882827,53.83578700771084,17.647453389882827
20260520_121000,101006,53.83552921532174,17.647729543562956,53.83552921532174,17.647729543562956
20260520_121000,101007,53.83624240781602,17.64792231903051,53.83624240781602,17.64792231903051
20260520_121000,101008,53.836254685191626,17.647971263838162,53.836254685191626,17.647971263838162
20260520_121000,101009,53.836153424864186,17.647763440613016,53.836153424864186,17.647763440613016
20260520_121000,101010,53.83621558213801,17.648066191641288,,
20260520_121000,101011,53.83643028673642,17.647947616610306,53.83643028673642,17.647947616610306
20260520_121000,101012,53.83647191920599,17.648047577811212,53.83647191920599,17.648047577811212
20260520_121000,101013,53.836165396904285,17.647849958441434,,
20260520_121000,101014,53.83462181316094,17.647379816137448,53.83462181316094,17.647379816137448
20260520_121000,101015,53.83631217680069,17.647843623843936,53.83631217680069,17.647843623843936
20260520_121000,101016,53.83626487713747,17.647830516055517,53.83626487713747,17.647830516055517
20260520_121000,101017,53.83639054048964,17.647896299167783,53.83639054048964,17.647896299167783
20260520_121000,101018,53.83644734891149,17.647825660733126,53.83644734891149,17.647825660733126
20260520_121000,101019,53.83639273352111,17.647798623350496,53.83639273352111,17.647798623350496
20260520_121025,101025,53.836457193261985,17.647950936197457,53.844034726760896,17.647404633866902
20260520_121025,101026,53.83642120086339,17.64809055218709,53.83642120086339,17.64809055218709
20260520_121025,101027,53.83640023457014,17.648166704213835,53.83640023457014,17.648166704213835
20260520_121025,101028,113.25751946324142,64.36180909949111,,
20260520_121025,101029,53.83628310313911,17.647891403094818,53.83628310313911,17.647891403094818
20260520_121025,101030,53.836315255321956,17.64793951969345,53.836315255321956,17.64793951969345
20260520_121025,101031,53.8362834214027,17.647775601888714,53.8362834214027,17.647775601888714
20260520_121025,101032,53.83639076800524,17.64803321359237,53.83639076800524,17.64803321359237
20260520_121025,101033,53.83618801781709,17.647958895995863,53.83618801781709,17.647958895995863
20260520_121025,101034,53.83622582001138,17.64781577073467,53.83622582001138,17.64781577073467
20260520_121025,101035,53.836254265040004,17.64804022565865,53.836254265040004,17.64804022565865
20260520_121025,101036,53.83627271110152,17.648080511376172,53.83627271110152,17.648080511376172
20260520_121025,101037,-69.95858027583331,39.943742249432255,,
20260520_121025,101038,177.15270207279954,-30.044406990667728,,
20260520_121025,101039,53.83657061810934,17.64803064508536,53.83657061810934,17.64803064508536
20260520_121025,101040,151.7780911719206,-61.264194844752026,,
20260520_121025,101041,53.83657137846179,17.648128538576632,53.8439385817262,17.64999199160009
20260520_121025,101042,-116.58052565699784,-62.599870528282835,,
20260520_121025,101043,175.3480527197722,-7.399663020736645,,
20260520_121025,101044,53.83638026882891,17.647927261656513,53.83638026882891,17.647927261656513
